index,start_time,event,empty_subdir,exists,file_count,path,status,error
28,2013-10-23 23:58:00,20131023_235800_UTC,hmi.Ic_45s,True,0,C:\Learning\PHD2nd\sunspotscar\data\M\20131023_235800_UTC\hmi.Ic_45s,,
29,2013-10-24 00:21:00,20131024_002100_UTC,131,True,0,C:\Learning\PHD2nd\sunspotscar\data\M\20131024_002100_UTC\131,,
29,2013-10-24 00:21:00,20131024_002100_UTC,211,True,0,C:\Learning\PHD2nd\sunspotscar\data\M\20131024_002100_UTC\211,,
29,2013-10-24 00:21:00,20131024_002100_UTC,304,True,0,C:\Learning\PHD2nd\sunspotscar\data\M\20131024_002100_UTC\304,,
29,2013-10-24 00:21:00,20131024_002100_UTC,hmi.Ic_45s,True,0,C:\Learning\PHD2nd\sunspotscar\data\M\20131024_002100_UTC\hmi.Ic_45s,,
30,2013-10-24 09:59:00,20131024_095900_UTC,131,True,0,C:\Learning\PHD2nd\sunspotscar\data\M\20131024_095900_UTC\131,,
30,2013-10-24 09:59:00,20131024_095900_UTC,211,True,0,C:\Learning\PHD2nd\sunspotscar\data\M\20131024_095900_UTC\211,,
30,2013-10-24 09:59:00,20131024_095900_UTC,304,True,0,C:\Learning\PHD2nd\sunspotscar\data\M\20131024_095900_UTC\304,,
30,2013-10-24 09:59:00,20131024_095900_UTC,hmi.Ic_45s,True,0,C:\Learning\PHD2nd\sunspotscar\data\M\20131024_095900_UTC\hmi.Ic_45s,,
31,2013-10-24 10:30:00,20131024_103000_UTC,131,True,0,C:\Learning\PHD2nd\sunspotscar\data\M\20131024_103000_UTC\131,,
31,2013-10-24 10:30:00,20131024_103000_UTC,211,True,0,C:\Learning\PHD2nd\sunspotscar\data\M\20131024_103000_UTC\211,,
31,2013-10-24 10:30:00,20131024_103000_UTC,304,True,0,C:\Learning\PHD2nd\sunspotscar\data\M\20131024_103000_UTC\304,,
31,2013-10-24 10:30:00,20131024_103000_UTC,hmi.Ic_45s,True,0,C:\Learning\PHD2nd\sunspotscar\data\M\20131024_103000_UTC\hmi.Ic_45s,,
32,2013-10-28 14:46:00,20131028_144600_UTC,131,True,0,C:\Learning\PHD2nd\sunspotscar\data\M\20131028_144600_UTC\131,,
32,2013-10-28 14:46:00,20131028_144600_UTC,211,True,0,C:\Learning\PHD2nd\sunspotscar\data\M\20131028_144600_UTC\211,,
32,2013-10-28 14:46:00,20131028_144600_UTC,304,True,0,C:\Learning\PHD2nd\sunspotscar\data\M\20131028_144600_UTC\304,,
32,2013-10-28 14:46:00,20131028_144600_UTC,hmi.Ic_45s,True,0,C:\Learning\PHD2nd\sunspotscar\data\M\20131028_144600_UTC\hmi.Ic_45s,,
33,2013-10-28 15:07:00,20131028_150700_UTC,131,True,0,C:\Learning\PHD2nd\sunspotscar\data\M\20131028_150700_UTC\131,,
33,2013-10-28 15:07:00,20131028_150700_UTC,211,True,0,C:\Learning\PHD2nd\sunspotscar\data\M\20131028_150700_UTC\211,,
33,2013-10-28 15:07:00,20131028_150700_UTC,304,True,0,C:\Learning\PHD2nd\sunspotscar\data\M\20131028_150700_UTC\304,,
44,2014-02-01 07:14:00,20140201_071400_UTC,211,True,0,C:\Learning\PHD2nd\sunspotscar\data\M\20140201_071400_UTC\211,,
44,2014-02-01 07:14:00,20140201_071400_UTC,304,True,0,C:\Learning\PHD2nd\sunspotscar\data\M\20140201_071400_UTC\304,,
44,2014-02-01 07:14:00,20140201_071400_UTC,hmi.Ic_45s,True,0,C:\Learning\PHD2nd\sunspotscar\data\M\20140201_071400_UTC\hmi.Ic_45s,,
45,2014-02-02 06:24:00,20140202_062400_UTC,131,True,0,C:\Learning\PHD2nd\sunspotscar\data\M\20140202_062400_UTC\131,,
45,2014-02-02 06:24:00,20140202_062400_UTC,211,True,0,C:\Learning\PHD2nd\sunspotscar\data\M\20140202_062400_UTC\211,,
45,2014-02-02 06:24:00,20140202_062400_UTC,304,True,0,C:\Learning\PHD2nd\sunspotscar\data\M\20140202_062400_UTC\304,,
45,2014-02-02 06:24:00,20140202_062400_UTC,hmi.Ic_45s,True,0,C:\Learning\PHD2nd\sunspotscar\data\M\20140202_062400_UTC\hmi.Ic_45s,,
46,2014-02-02 07:17:00,20140202_071700_UTC,131,True,0,C:\Learning\PHD2nd\sunspotscar\data\M\20140202_071700_UTC\131,,
46,2014-02-02 07:17:00,20140202_071700_UTC,211,True,0,C:\Learning\PHD2nd\sunspotscar\data\M\20140202_071700_UTC\211,,
46,2014-02-02 07:17:00,20140202_071700_UTC,304,True,0,C:\Learning\PHD2nd\sunspotscar\data\M\20140202_071700_UTC\304,,
46,2014-02-02 07:17:00,20140202_071700_UTC,hmi.Ic_45s,True,0,C:\Learning\PHD2nd\sunspotscar\data\M\20140202_071700_UTC\hmi.Ic_45s,,
47,2014-02-02 09:24:00,20140202_092400_UTC,131,True,0,C:\Learning\PHD2nd\sunspotscar\data\M\20140202_092400_UTC\131,,
47,2014-02-02 09:24:00,20140202_092400_UTC,211,True,0,C:\Learning\PHD2nd\sunspotscar\data\M\20140202_092400_UTC\211,,
47,2014-02-02 09:24:00,20140202_092400_UTC,304,True,0,C:\Learning\PHD2nd\sunspotscar\data\M\20140202_092400_UTC\304,,
47,2014-02-02 09:24:00,20140202_092400_UTC,hmi.Ic_45s,True,0,C:\Learning\PHD2nd\sunspotscar\data\M\20140202_092400_UTC\hmi.Ic_45s,,
48,2014-02-02 14:01:00,20140202_140100_UTC,131,True,0,C:\Learning\PHD2nd\sunspotscar\data\M\20140202_140100_UTC\131,,
48,2014-02-02 14:01:00,20140202_140100_UTC,211,True,0,C:\Learning\PHD2nd\sunspotscar\data\M\20140202_140100_UTC\211,,
48,2014-02-02 14:01:00,20140202_140100_UTC,304,True,0,C:\Learning\PHD2nd\sunspotscar\data\M\20140202_140100_UTC\304,,
48,2014-02-02 14:01:00,20140202_140100_UTC,hmi.Ic_45s,True,0,C:\Learning\PHD2nd\sunspotscar\data\M\20140202_140100_UTC\hmi.Ic_45s,,
49,2014-02-02 16:24:00,20140202_162400_UTC,131,True,0,C:\Learning\PHD2nd\sunspotscar\data\M\20140202_162400_UTC\131,,
49,2014-02-02 16:24:00,20140202_162400_UTC,211,True,0,C:\Learning\PHD2nd\sunspotscar\data\M\20140202_162400_UTC\211,,
49,2014-02-02 16:24:00,20140202_162400_UTC,304,True,0,C:\Learning\PHD2nd\sunspotscar\data\M\20140202_162400_UTC\304,,
49,2014-02-02 16:24:00,20140202_162400_UTC,hmi.Ic_45s,True,0,C:\Learning\PHD2nd\sunspotscar\data\M\20140202_162400_UTC\hmi.Ic_45s,,
50,2014-02-02 18:05:00,20140202_180500_UTC,131,True,0,C:\Learning\PHD2nd\sunspotscar\data\M\20140202_180500_UTC\131,,
50,2014-02-02 18:05:00,20140202_180500_UTC,211,True,0,C:\Learning\PHD2nd\sunspotscar\data\M\20140202_180500_UTC\211,,
50,2014-02-02 18:05:00,20140202_180500_UTC,304,True,0,C:\Learning\PHD2nd\sunspotscar\data\M\20140202_180500_UTC\304,,
50,2014-02-02 18:05:00,20140202_180500_UTC,hmi.Ic_45s,True,0,C:\Learning\PHD2nd\sunspotscar\data\M\20140202_180500_UTC\hmi.Ic_45s,,
51,2014-02-02 21:24:00,20140202_212400_UTC,131,True,0,C:\Learning\PHD2nd\sunspotscar\data\M\20140202_212400_UTC\131,,
51,2014-02-02 21:24:00,20140202_212400_UTC,211,True,0,C:\Learning\PHD2nd\sunspotscar\data\M\20140202_212400_UTC\211,,
51,2014-02-02 21:24:00,20140202_212400_UTC,304,True,0,C:\Learning\PHD2nd\sunspotscar\data\M\20140202_212400_UTC\304,,
51,2014-02-02 21:24:00,20140202_212400_UTC,hmi.Ic_45s,True,0,C:\Learning\PHD2nd\sunspotscar\data\M\20140202_212400_UTC\hmi.Ic_45s,,
52,2014-02-04 01:16:00,20140204_011600_UTC,131,True,0,C:\Learning\PHD2nd\sunspotscar\data\M\20140204_011600_UTC\131,,
52,2014-02-04 01:16:00,20140204_011600_UTC,211,True,0,C:\Learning\PHD2nd\sunspotscar\data\M\20140204_011600_UTC\211,,
52,2014-02-04 01:16:00,20140204_011600_UTC,304,True,0,C:\Learning\PHD2nd\sunspotscar\data\M\20140204_011600_UTC\304,,
52,2014-02-04 01:16:00,20140204_011600_UTC,hmi.Ic_45s,True,0,C:\Learning\PHD2nd\sunspotscar\data\M\20140204_011600_UTC\hmi.Ic_45s,,
53,2014-02-04 03:57:00,20140204_035700_UTC,131,True,0,C:\Learning\PHD2nd\sunspotscar\data\M\20140204_035700_UTC\131,,
53,2014-02-04 03:57:00,20140204_035700_UTC,211,True,0,C:\Learning\PHD2nd\sunspotscar\data\M\20140204_035700_UTC\211,,
53,2014-02-04 03:57:00,20140204_035700_UTC,304,True,0,C:\Learning\PHD2nd\sunspotscar\data\M\20140204_035700_UTC\304,,
53,2014-02-04 03:57:00,20140204_035700_UTC,hmi.Ic_45s,True,0,C:\Learning\PHD2nd\sunspotscar\data\M\20140204_035700_UTC\hmi.Ic_45s,,
54,2014-02-04 09:38:00,20140204_093800_UTC,131,True,0,C:\Learning\PHD2nd\sunspotscar\data\M\20140204_093800_UTC\131,,
54,2014-02-04 09:38:00,20140204_093800_UTC,211,True,0,C:\Learning\PHD2nd\sunspotscar\data\M\20140204_093800_UTC\211,,
54,2014-02-04 09:38:00,20140204_093800_UTC,304,True,0,C:\Learning\PHD2nd\sunspotscar\data\M\20140204_093800_UTC\304,,
54,2014-02-04 09:38:00,20140204_093800_UTC,hmi.Ic_45s,True,0,C:\Learning\PHD2nd\sunspotscar\data\M\20140204_093800_UTC\hmi.Ic_45s,,
55,2014-02-04 15:25:00,20140204_152500_UTC,131,True,0,C:\Learning\PHD2nd\sunspotscar\data\M\20140204_152500_UTC\131,,
55,2014-02-04 15:25:00,20140204_152500_UTC,211,True,0,C:\Learning\PHD2nd\sunspotscar\data\M\20140204_152500_UTC\211,,
55,2014-02-04 15:25:00,20140204_152500_UTC,304,True,0,C:\Learning\PHD2nd\sunspotscar\data\M\20140204_152500_UTC\304,,
55,2014-02-04 15:25:00,20140204_152500_UTC,hmi.Ic_45s,True,0,C:\Learning\PHD2nd\sunspotscar\data\M\20140204_152500_UTC\hmi.Ic_45s,,
56,2014-02-11 03:22:00,20140211_032200_UTC,131,True,0,C:\Learning\PHD2nd\sunspotscar\data\M\20140211_032200_UTC\131,,
56,2014-02-11 03:22:00,20140211_032200_UTC,211,True,0,C:\Learning\PHD2nd\sunspotscar\data\M\20140211_032200_UTC\211,,
56,2014-02-11 03:22:00,20140211_032200_UTC,304,True,0,C:\Learning\PHD2nd\sunspotscar\data\M\20140211_032200_UTC\304,,
56,2014-02-11 03:22:00,20140211_032200_UTC,hmi.Ic_45s,True,0,C:\Learning\PHD2nd\sunspotscar\data\M\20140211_032200_UTC\hmi.Ic_45s,,
57,2014-02-11 16:34:00,20140211_163400_UTC,131,True,0,C:\Learning\PHD2nd\sunspotscar\data\M\20140211_163400_UTC\131,,
57,2014-02-11 16:34:00,20140211_163400_UTC,211,True,0,C:\Learning\PHD2nd\sunspotscar\data\M\20140211_163400_UTC\211,,
57,2014-02-11 16:34:00,20140211_163400_UTC,304,True,0,C:\Learning\PHD2nd\sunspotscar\data\M\20140211_163400_UTC\304,,
57,2014-02-11 16:34:00,20140211_163400_UTC,hmi.Ic_45s,True,0,C:\Learning\PHD2nd\sunspotscar\data\M\20140211_163400_UTC\hmi.Ic_45s,,
58,2014-02-12 03:52:00,20140212_035200_UTC,131,True,0,C:\Learning\PHD2nd\sunspotscar\data\M\20140212_035200_UTC\131,,
58,2014-02-12 03:52:00,20140212_035200_UTC,211,True,0,C:\Learning\PHD2nd\sunspotscar\data\M\20140212_035200_UTC\211,,
58,2014-02-12 03:52:00,20140212_035200_UTC,304,True,0,C:\Learning\PHD2nd\sunspotscar\data\M\20140212_035200_UTC\304,,
58,2014-02-12 03:52:00,20140212_035200_UTC,hmi.Ic_45s,True,0,C:\Learning\PHD2nd\sunspotscar\data\M\20140212_035200_UTC\hmi.Ic_45s,,
59,2014-02-12 06:54:00,20140212_065400_UTC,131,True,0,C:\Learning\PHD2nd\sunspotscar\data\M\20140212_065400_UTC\131,,
59,2014-02-12 06:54:00,20140212_065400_UTC,211,True,0,C:\Learning\PHD2nd\sunspotscar\data\M\20140212_065400_UTC\211,,
59,2014-02-12 06:54:00,20140212_065400_UTC,304,True,0,C:\Learning\PHD2nd\sunspotscar\data\M\20140212_065400_UTC\304,,
59,2014-02-12 06:54:00,20140212_065400_UTC,hmi.Ic_45s,True,0,C:\Learning\PHD2nd\sunspotscar\data\M\20140212_065400_UTC\hmi.Ic_45s,,
60,2014-02-12 15:41:00,20140212_154100_UTC,131,True,0,C:\Learning\PHD2nd\sunspotscar\data\M\20140212_154100_UTC\131,,
60,2014-02-12 15:41:00,20140212_154100_UTC,211,True,0,C:\Learning\PHD2nd\sunspotscar\data\M\20140212_154100_UTC\211,,
60,2014-02-12 15:41:00,20140212_154100_UTC,304,True,0,C:\Learning\PHD2nd\sunspotscar\data\M\20140212_154100_UTC\304,,
60,2014-02-12 15:41:00,20140212_154100_UTC,hmi.Ic_45s,True,0,C:\Learning\PHD2nd\sunspotscar\data\M\20140212_154100_UTC\hmi.Ic_45s,,
60,2014-02-12 15:41:00,20140212_154100_UTC,hmi.B_720s,True,0,C:\Learning\PHD2nd\sunspotscar\data\M\20140212_154100_UTC\hmi.B_720s,,
61,2014-02-13 01:32:00,20140213_013200_UTC,131,True,0,C:\Learning\PHD2nd\sunspotscar\data\M\20140213_013200_UTC\131,,
61,2014-02-13 01:32:00,20140213_013200_UTC,211,True,0,C:\Learning\PHD2nd\sunspotscar\data\M\20140213_013200_UTC\211,,
61,2014-02-13 01:32:00,20140213_013200_UTC,304,True,0,C:\Learning\PHD2nd\sunspotscar\data\M\20140213_013200_UTC\304,,
61,2014-02-13 01:32:00,20140213_013200_UTC,hmi.Ic_45s,True,0,C:\Learning\PHD2nd\sunspotscar\data\M\20140213_013200_UTC\hmi.Ic_45s,,
62,2014-02-13 02:41:00,20140213_024100_UTC,131,True,0,C:\Learning\PHD2nd\sunspotscar\data\M\20140213_024100_UTC\131,,
62,2014-02-13 02:41:00,20140213_024100_UTC,211,True,0,C:\Learning\PHD2nd\sunspotscar\data\M\20140213_024100_UTC\211,,
62,2014-02-13 02:41:00,20140213_024100_UTC,304,True,0,C:\Learning\PHD2nd\sunspotscar\data\M\20140213_024100_UTC\304,,
62,2014-02-13 02:41:00,20140213_024100_UTC,hmi.Ic_45s,True,0,C:\Learning\PHD2nd\sunspotscar\data\M\20140213_024100_UTC\hmi.Ic_45s,,
63,2014-02-13 05:49:00,20140213_054900_UTC,131,True,0,C:\Learning\PHD2nd\sunspotscar\data\M\20140213_054900_UTC\131,,
63,2014-02-13 05:49:00,20140213_054900_UTC,211,True,0,C:\Learning\PHD2nd\sunspotscar\data\M\20140213_054900_UTC\211,,
63,2014-02-13 05:49:00,20140213_054900_UTC,304,True,0,C:\Learning\PHD2nd\sunspotscar\data\M\20140213_054900_UTC\304,,
63,2014-02-13 05:49:00,20140213_054900_UTC,hmi.Ic_45s,True,0,C:\Learning\PHD2nd\sunspotscar\data\M\20140213_054900_UTC\hmi.Ic_45s,,
64,2014-02-13 08:05:00,20140213_080500_UTC,131,True,0,C:\Learning\PHD2nd\sunspotscar\data\M\20140213_080500_UTC\131,,
64,2014-02-13 08:05:00,20140213_080500_UTC,211,True,0,C:\Learning\PHD2nd\sunspotscar\data\M\20140213_080500_UTC\211,,
64,2014-02-13 08:05:00,20140213_080500_UTC,304,True,0,C:\Learning\PHD2nd\sunspotscar\data\M\20140213_080500_UTC\304,,
64,2014-02-13 08:05:00,20140213_080500_UTC,hmi.Ic_45s,True,0,C:\Learning\PHD2nd\sunspotscar\data\M\20140213_080500_UTC\hmi.Ic_45s,,
65,2014-02-13 15:45:00,20140213_154500_UTC,131,True,0,C:\Learning\PHD2nd\sunspotscar\data\M\20140213_154500_UTC\131,,
65,2014-02-13 15:45:00,20140213_154500_UTC,211,True,0,C:\Learning\PHD2nd\sunspotscar\data\M\20140213_154500_UTC\211,,
65,2014-02-13 15:45:00,20140213_154500_UTC,304,True,0,C:\Learning\PHD2nd\sunspotscar\data\M\20140213_154500_UTC\304,,
65,2014-02-13 15:45:00,20140213_154500_UTC,hmi.Ic_45s,True,0,C:\Learning\PHD2nd\sunspotscar\data\M\20140213_154500_UTC\hmi.Ic_45s,,
88,2014-12-17 01:41:00,20141217_014100_UTC,131,True,0,C:\Learning\PHD2nd\sunspotscar\data\M\20141217_014100_UTC\131,,
88,2014-12-17 01:41:00,20141217_014100_UTC,211,True,0,C:\Learning\PHD2nd\sunspotscar\data\M\20141217_014100_UTC\211,,
88,2014-12-17 01:41:00,20141217_014100_UTC,304,True,0,C:\Learning\PHD2nd\sunspotscar\data\M\20141217_014100_UTC\304,,
88,2014-12-17 01:41:00,20141217_014100_UTC,hmi.Ic_45s,True,0,C:\Learning\PHD2nd\sunspotscar\data\M\20141217_014100_UTC\hmi.Ic_45s,,
89,2014-12-17 04:25:00,20141217_042500_UTC,131,True,0,C:\Learning\PHD2nd\sunspotscar\data\M\20141217_042500_UTC\131,,
89,2014-12-17 04:25:00,20141217_042500_UTC,211,True,0,C:\Learning\PHD2nd\sunspotscar\data\M\20141217_042500_UTC\211,,
89,2014-12-17 04:25:00,20141217_042500_UTC,304,True,0,C:\Learning\PHD2nd\sunspotscar\data\M\20141217_042500_UTC\304,,
89,2014-12-17 04:25:00,20141217_042500_UTC,hmi.Ic_45s,True,0,C:\Learning\PHD2nd\sunspotscar\data\M\20141217_042500_UTC\hmi.Ic_45s,,
90,2014-12-17 18:54:00,20141217_185400_UTC,131,True,0,C:\Learning\PHD2nd\sunspotscar\data\M\20141217_185400_UTC\131,,
90,2014-12-17 18:54:00,20141217_185400_UTC,211,True,0,C:\Learning\PHD2nd\sunspotscar\data\M\20141217_185400_UTC\211,,
90,2014-12-17 18:54:00,20141217_185400_UTC,304,True,0,C:\Learning\PHD2nd\sunspotscar\data\M\20141217_185400_UTC\304,,
90,2014-12-17 18:54:00,20141217_185400_UTC,hmi.Ic_45s,True,0,C:\Learning\PHD2nd\sunspotscar\data\M\20141217_185400_UTC\hmi.Ic_45s,,
91,2014-12-18 21:41:00,20141218_214100_UTC,131,True,0,C:\Learning\PHD2nd\sunspotscar\data\M\20141218_214100_UTC\131,,
91,2014-12-18 21:41:00,20141218_214100_UTC,211,True,0,C:\Learning\PHD2nd\sunspotscar\data\M\20141218_214100_UTC\211,,
91,2014-12-18 21:41:00,20141218_214100_UTC,304,True,0,C:\Learning\PHD2nd\sunspotscar\data\M\20141218_214100_UTC\304,,
91,2014-12-18 21:41:00,20141218_214100_UTC,hmi.Ic_45s,True,0,C:\Learning\PHD2nd\sunspotscar\data\M\20141218_214100_UTC\hmi.Ic_45s,,
92,2014-12-19 09:31:00,20141219_093100_UTC,131,True,0,C:\Learning\PHD2nd\sunspotscar\data\M\20141219_093100_UTC\131,,
92,2014-12-19 09:31:00,20141219_093100_UTC,211,True,0,C:\Learning\PHD2nd\sunspotscar\data\M\20141219_093100_UTC\211,,
92,2014-12-19 09:31:00,20141219_093100_UTC,304,True,0,C:\Learning\PHD2nd\sunspotscar\data\M\20141219_093100_UTC\304,,
92,2014-12-19 09:31:00,20141219_093100_UTC,hmi.Ic_45s,True,0,C:\Learning\PHD2nd\sunspotscar\data\M\20141219_093100_UTC\hmi.Ic_45s,,
93,2014-12-21 11:24:00,20141221_112400_UTC,131,True,0,C:\Learning\PHD2nd\sunspotscar\data\M\20141221_112400_UTC\131,,
93,2014-12-21 11:24:00,20141221_112400_UTC,211,True,0,C:\Learning\PHD2nd\sunspotscar\data\M\20141221_112400_UTC\211,,
93,2014-12-21 11:24:00,20141221_112400_UTC,304,True,0,C:\Learning\PHD2nd\sunspotscar\data\M\20141221_112400_UTC\304,,
93,2014-12-21 11:24:00,20141221_112400_UTC,hmi.Ic_45s,True,0,C:\Learning\PHD2nd\sunspotscar\data\M\20141221_112400_UTC\hmi.Ic_45s,,
94,2015-01-03 09:40:00,20150103_094000_UTC,131,True,0,C:\Learning\PHD2nd\sunspotscar\data\M\20150103_094000_UTC\131,,
94,2015-01-03 09:40:00,20150103_094000_UTC,211,True,0,C:\Learning\PHD2nd\sunspotscar\data\M\20150103_094000_UTC\211,,
94,2015-01-03 09:40:00,20150103_094000_UTC,304,True,0,C:\Learning\PHD2nd\sunspotscar\data\M\20150103_094000_UTC\304,,
94,2015-01-03 09:40:00,20150103_094000_UTC,hmi.Ic_45s,True,0,C:\Learning\PHD2nd\sunspotscar\data\M\20150103_094000_UTC\hmi.Ic_45s,,
95,2015-01-04 15:18:00,20150104_151800_UTC,131,True,0,C:\Learning\PHD2nd\sunspotscar\data\M\20150104_151800_UTC\131,,
95,2015-01-04 15:18:00,20150104_151800_UTC,211,True,0,C:\Learning\PHD2nd\sunspotscar\data\M\20150104_151800_UTC\211,,
95,2015-01-04 15:18:00,20150104_151800_UTC,304,True,0,C:\Learning\PHD2nd\sunspotscar\data\M\20150104_151800_UTC\304,,
95,2015-01-04 15:18:00,20150104_151800_UTC,hmi.Ic_45s,True,0,C:\Learning\PHD2nd\sunspotscar\data\M\20150104_151800_UTC\hmi.Ic_45s,,
96,2015-01-26 16:46:00,20150126_164600_UTC,131,True,0,C:\Learning\PHD2nd\sunspotscar\data\M\20150126_164600_UTC\131,,
96,2015-01-26 16:46:00,20150126_164600_UTC,211,True,0,C:\Learning\PHD2nd\sunspotscar\data\M\20150126_164600_UTC\211,,
96,2015-01-26 16:46:00,20150126_164600_UTC,304,True,0,C:\Learning\PHD2nd\sunspotscar\data\M\20150126_164600_UTC\304,,
96,2015-01-26 16:46:00,20150126_164600_UTC,hmi.Ic_45s,True,0,C:\Learning\PHD2nd\sunspotscar\data\M\20150126_164600_UTC\hmi.Ic_45s,,
97,2015-01-28 04:21:00,20150128_042100_UTC,131,True,0,C:\Learning\PHD2nd\sunspotscar\data\M\20150128_042100_UTC\131,,
97,2015-01-28 04:21:00,20150128_042100_UTC,211,True,0,C:\Learning\PHD2nd\sunspotscar\data\M\20150128_042100_UTC\211,,
97,2015-01-28 04:21:00,20150128_042100_UTC,304,True,0,C:\Learning\PHD2nd\sunspotscar\data\M\20150128_042100_UTC\304,,
97,2015-01-28 04:21:00,20150128_042100_UTC,hmi.Ic_45s,True,0,C:\Learning\PHD2nd\sunspotscar\data\M\20150128_042100_UTC\hmi.Ic_45s,,
98,2015-01-29 11:32:00,20150129_113200_UTC,131,True,0,C:\Learning\PHD2nd\sunspotscar\data\M\20150129_113200_UTC\131,,
98,2015-01-29 11:32:00,20150129_113200_UTC,211,True,0,C:\Learning\PHD2nd\sunspotscar\data\M\20150129_113200_UTC\211,,
98,2015-01-29 11:32:00,20150129_113200_UTC,304,True,0,C:\Learning\PHD2nd\sunspotscar\data\M\20150129_113200_UTC\304,,
98,2015-01-29 11:32:00,20150129_113200_UTC,hmi.Ic_45s,True,0,C:\Learning\PHD2nd\sunspotscar\data\M\20150129_113200_UTC\hmi.Ic_45s,,
99,2015-01-30 00:32:00,20150130_003200_UTC,131,True,0,C:\Learning\PHD2nd\sunspotscar\data\M\20150130_003200_UTC\131,,
99,2015-01-30 00:32:00,20150130_003200_UTC,211,True,0,C:\Learning\PHD2nd\sunspotscar\data\M\20150130_003200_UTC\211,,
99,2015-01-30 00:32:00,20150130_003200_UTC,304,True,0,C:\Learning\PHD2nd\sunspotscar\data\M\20150130_003200_UTC\304,,
99,2015-01-30 00:32:00,20150130_003200_UTC,hmi.Ic_45s,True,0,C:\Learning\PHD2nd\sunspotscar\data\M\20150130_003200_UTC\hmi.Ic_45s,,
100,2015-01-30 05:29:00,20150130_052900_UTC,131,True,0,C:\Learning\PHD2nd\sunspotscar\data\M\20150130_052900_UTC\131,,
100,2015-01-30 05:29:00,20150130_052900_UTC,211,True,0,C:\Learning\PHD2nd\sunspotscar\data\M\20150130_052900_UTC\211,,
100,2015-01-30 05:29:00,20150130_052900_UTC,304,True,0,C:\Learning\PHD2nd\sunspotscar\data\M\20150130_052900_UTC\304,,
100,2015-01-30 05:29:00,20150130_052900_UTC,hmi.Ic_45s,True,0,C:\Learning\PHD2nd\sunspotscar\data\M\20150130_052900_UTC\hmi.Ic_45s,,
101,2015-02-04 02:08:00,20150204_020800_UTC,131,True,0,C:\Learning\PHD2nd\sunspotscar\data\M\20150204_020800_UTC\131,,
101,2015-02-04 02:08:00,20150204_020800_UTC,211,True,0,C:\Learning\PHD2nd\sunspotscar\data\M\20150204_020800_UTC\211,,
101,2015-02-04 02:08:00,20150204_020800_UTC,304,True,0,C:\Learning\PHD2nd\sunspotscar\data\M\20150204_020800_UTC\304,,
101,2015-02-04 02:08:00,20150204_020800_UTC,hmi.Ic_45s,True,0,C:\Learning\PHD2nd\sunspotscar\data\M\20150204_020800_UTC\hmi.Ic_45s,,
102,2015-03-10 23:46:00,20150310_234600_UTC,131,True,0,C:\Learning\PHD2nd\sunspotscar\data\M\20150310_234600_UTC\131,,
102,2015-03-10 23:46:00,20150310_234600_UTC,211,True,0,C:\Learning\PHD2nd\sunspotscar\data\M\20150310_234600_UTC\211,,
102,2015-03-10 23:46:00,20150310_234600_UTC,304,True,0,C:\Learning\PHD2nd\sunspotscar\data\M\20150310_234600_UTC\304,,
102,2015-03-10 23:46:00,20150310_234600_UTC,hmi.Ic_45s,True,0,C:\Learning\PHD2nd\sunspotscar\data\M\20150310_234600_UTC\hmi.Ic_45s,,
103,2015-03-11 07:10:00,20150311_071000_UTC,131,True,0,C:\Learning\PHD2nd\sunspotscar\data\M\20150311_071000_UTC\131,,
103,2015-03-11 07:10:00,20150311_071000_UTC,211,True,0,C:\Learning\PHD2nd\sunspotscar\data\M\20150311_071000_UTC\211,,
103,2015-03-11 07:10:00,20150311_071000_UTC,304,True,0,C:\Learning\PHD2nd\sunspotscar\data\M\20150311_071000_UTC\304,,
103,2015-03-11 07:10:00,20150311_071000_UTC,hmi.Ic_45s,True,0,C:\Learning\PHD2nd\sunspotscar\data\M\20150311_071000_UTC\hmi.Ic_45s,,
103,2015-03-11 07:10:00,20150311_071000_UTC,hmi.B_720s,True,0,C:\Learning\PHD2nd\sunspotscar\data\M\20150311_071000_UTC\hmi.B_720s,,
104,2015-03-11 07:51:00,20150311_075100_UTC,131,True,0,C:\Learning\PHD2nd\sunspotscar\data\M\20150311_075100_UTC\131,,
104,2015-03-11 07:51:00,20150311_075100_UTC,211,True,0,C:\Learning\PHD2nd\sunspotscar\data\M\20150311_075100_UTC\211,,
104,2015-03-11 07:51:00,20150311_075100_UTC,304,True,0,C:\Learning\PHD2nd\sunspotscar\data\M\20150311_075100_UTC\304,,
104,2015-03-11 07:51:00,20150311_075100_UTC,hmi.Ic_45s,True,0,C:\Learning\PHD2nd\sunspotscar\data\M\20150311_075100_UTC\hmi.Ic_45s,,
104,2015-03-11 07:51:00,20150311_075100_UTC,hmi.B_720s,True,0,C:\Learning\PHD2nd\sunspotscar\data\M\20150311_075100_UTC\hmi.B_720s,,
105,2015-03-11 18:37:00,20150311_183700_UTC,131,True,0,C:\Learning\PHD2nd\sunspotscar\data\M\20150311_183700_UTC\131,,
105,2015-03-11 18:37:00,20150311_183700_UTC,211,True,0,C:\Learning\PHD2nd\sunspotscar\data\M\20150311_183700_UTC\211,,
105,2015-03-11 18:37:00,20150311_183700_UTC,304,True,0,C:\Learning\PHD2nd\sunspotscar\data\M\20150311_183700_UTC\304,,
105,2015-03-11 18:37:00,20150311_183700_UTC,hmi.Ic_45s,True,0,C:\Learning\PHD2nd\sunspotscar\data\M\20150311_183700_UTC\hmi.Ic_45s,,
105,2015-03-11 18:37:00,20150311_183700_UTC,hmi.B_720s,True,0,C:\Learning\PHD2nd\sunspotscar\data\M\20150311_183700_UTC\hmi.B_720s,,
106,2015-03-12 04:41:00,20150312_044100_UTC,131,True,0,C:\Learning\PHD2nd\sunspotscar\data\M\20150312_044100_UTC\131,,
106,2015-03-12 04:41:00,20150312_044100_UTC,211,True,0,C:\Learning\PHD2nd\sunspotscar\data\M\20150312_044100_UTC\211,,
106,2015-03-12 04:41:00,20150312_044100_UTC,304,True,0,C:\Learning\PHD2nd\sunspotscar\data\M\20150312_044100_UTC\304,,
106,2015-03-12 04:41:00,20150312_044100_UTC,hmi.Ic_45s,True,0,C:\Learning\PHD2nd\sunspotscar\data\M\20150312_044100_UTC\hmi.Ic_45s,,
107,2015-03-12 11:38:00,20150312_113800_UTC,131,True,0,C:\Learning\PHD2nd\sunspotscar\data\M\20150312_113800_UTC\131,,
107,2015-03-12 11:38:00,20150312_113800_UTC,211,True,0,C:\Learning\PHD2nd\sunspotscar\data\M\20150312_113800_UTC\211,,
107,2015-03-12 11:38:00,20150312_113800_UTC,304,True,0,C:\Learning\PHD2nd\sunspotscar\data\M\20150312_113800_UTC\304,,
107,2015-03-12 11:38:00,20150312_113800_UTC,hmi.Ic_45s,True,0,C:\Learning\PHD2nd\sunspotscar\data\M\20150312_113800_UTC\hmi.Ic_45s,,
108,2015-03-12 12:09:00,20150312_120900_UTC,131,True,0,C:\Learning\PHD2nd\sunspotscar\data\M\20150312_120900_UTC\131,,
108,2015-03-12 12:09:00,20150312_120900_UTC,211,True,0,C:\Learning\PHD2nd\sunspotscar\data\M\20150312_120900_UTC\211,,
108,2015-03-12 12:09:00,20150312_120900_UTC,304,True,0,C:\Learning\PHD2nd\sunspotscar\data\M\20150312_120900_UTC\304,,
108,2015-03-12 12:09:00,20150312_120900_UTC,hmi.Ic_45s,True,0,C:\Learning\PHD2nd\sunspotscar\data\M\20150312_120900_UTC\hmi.Ic_45s,,
109,2015-03-12 13:50:00,20150312_135000_UTC,131,True,0,C:\Learning\PHD2nd\sunspotscar\data\M\20150312_135000_UTC\131,,
109,2015-03-12 13:50:00,20150312_135000_UTC,211,True,0,C:\Learning\PHD2nd\sunspotscar\data\M\20150312_135000_UTC\211,,
109,2015-03-12 13:50:00,20150312_135000_UTC,304,True,0,C:\Learning\PHD2nd\sunspotscar\data\M\20150312_135000_UTC\304,,
109,2015-03-12 13:50:00,20150312_135000_UTC,hmi.Ic_45s,True,0,C:\Learning\PHD2nd\sunspotscar\data\M\20150312_135000_UTC\hmi.Ic_45s,,
110,2015-03-12 21:44:00,20150312_214400_UTC,131,True,0,C:\Learning\PHD2nd\sunspotscar\data\M\20150312_214400_UTC\131,,
110,2015-03-12 21:44:00,20150312_214400_UTC,211,True,0,C:\Learning\PHD2nd\sunspotscar\data\M\20150312_214400_UTC\211,,
110,2015-03-12 21:44:00,20150312_214400_UTC,304,True,0,C:\Learning\PHD2nd\sunspotscar\data\M\20150312_214400_UTC\304,,
110,2015-03-12 21:44:00,20150312_214400_UTC,hmi.Ic_45s,True,0,C:\Learning\PHD2nd\sunspotscar\data\M\20150312_214400_UTC\hmi.Ic_45s,,
111,2015-03-13 03:47:00,20150313_034700_UTC,131,True,0,C:\Learning\PHD2nd\sunspotscar\data\M\20150313_034700_UTC\131,,
111,2015-03-13 03:47:00,20150313_034700_UTC,211,True,0,C:\Learning\PHD2nd\sunspotscar\data\M\20150313_034700_UTC\211,,
111,2015-03-13 03:47:00,20150313_034700_UTC,304,True,0,C:\Learning\PHD2nd\sunspotscar\data\M\20150313_034700_UTC\304,,
111,2015-03-13 03:47:00,20150313_034700_UTC,hmi.Ic_45s,True,0,C:\Learning\PHD2nd\sunspotscar\data\M\20150313_034700_UTC\hmi.Ic_45s,,
112,2015-03-13 05:49:00,20150313_054900_UTC,131,True,0,C:\Learning\PHD2nd\sunspotscar\data\M\20150313_054900_UTC\131,,
112,2015-03-13 05:49:00,20150313_054900_UTC,211,True,0,C:\Learning\PHD2nd\sunspotscar\data\M\20150313_054900_UTC\211,,
112,2015-03-13 05:49:00,20150313_054900_UTC,304,True,0,C:\Learning\PHD2nd\sunspotscar\data\M\20150313_054900_UTC\304,,
112,2015-03-13 05:49:00,20150313_054900_UTC,hmi.Ic_45s,True,0,C:\Learning\PHD2nd\sunspotscar\data\M\20150313_054900_UTC\hmi.Ic_45s,,
113,2015-03-14 04:23:00,20150314_042300_UTC,131,True,0,C:\Learning\PHD2nd\sunspotscar\data\M\20150314_042300_UTC\131,,
113,2015-03-14 04:23:00,20150314_042300_UTC,211,True,0,C:\Learning\PHD2nd\sunspotscar\data\M\20150314_042300_UTC\211,,
113,2015-03-14 04:23:00,20150314_042300_UTC,304,True,0,C:\Learning\PHD2nd\sunspotscar\data\M\20150314_042300_UTC\304,,
113,2015-03-14 04:23:00,20150314_042300_UTC,hmi.Ic_45s,True,0,C:\Learning\PHD2nd\sunspotscar\data\M\20150314_042300_UTC\hmi.Ic_45s,,
114,2015-04-08 14:37:00,20150408_143700_UTC,131,True,0,C:\Learning\PHD2nd\sunspotscar\data\M\20150408_143700_UTC\131,,
114,2015-04-08 14:37:00,20150408_143700_UTC,211,True,0,C:\Learning\PHD2nd\sunspotscar\data\M\20150408_143700_UTC\211,,
114,2015-04-08 14:37:00,20150408_143700_UTC,304,True,0,C:\Learning\PHD2nd\sunspotscar\data\M\20150408_143700_UTC\304,,
114,2015-04-08 14:37:00,20150408_143700_UTC,hmi.Ic_45s,True,0,C:\Learning\PHD2nd\sunspotscar\data\M\20150408_143700_UTC\hmi.Ic_45s,,
115,2015-04-21 21:58:00,20150421_215800_UTC,131,True,0,C:\Learning\PHD2nd\sunspotscar\data\M\20150421_215800_UTC\131,,
115,2015-04-21 21:58:00,20150421_215800_UTC,211,True,0,C:\Learning\PHD2nd\sunspotscar\data\M\20150421_215800_UTC\211,,
115,2015-04-21 21:58:00,20150421_215800_UTC,304,True,0,C:\Learning\PHD2nd\sunspotscar\data\M\20150421_215800_UTC\304,,
115,2015-04-21 21:58:00,20150421_215800_UTC,hmi.Ic_45s,True,0,C:\Learning\PHD2nd\sunspotscar\data\M\20150421_215800_UTC\hmi.Ic_45s,,
116,2015-05-05 14:19:00,20150505_141900_UTC,131,True,0,C:\Learning\PHD2nd\sunspotscar\data\M\20150505_141900_UTC\131,,
116,2015-05-05 14:19:00,20150505_141900_UTC,211,True,0,C:\Learning\PHD2nd\sunspotscar\data\M\20150505_141900_UTC\211,,
116,2015-05-05 14:19:00,20150505_141900_UTC,304,True,0,C:\Learning\PHD2nd\sunspotscar\data\M\20150505_141900_UTC\304,,
116,2015-05-05 14:19:00,20150505_141900_UTC,hmi.Ic_45s,True,0,C:\Learning\PHD2nd\sunspotscar\data\M\20150505_141900_UTC\hmi.Ic_45s,,
117,2015-05-05 17:12:00,20150505_171200_UTC,131,True,0,C:\Learning\PHD2nd\sunspotscar\data\M\20150505_171200_UTC\131,,
117,2015-05-05 17:12:00,20150505_171200_UTC,211,True,0,C:\Learning\PHD2nd\sunspotscar\data\M\20150505_171200_UTC\211,,
117,2015-05-05 17:12:00,20150505_171200_UTC,304,True,0,C:\Learning\PHD2nd\sunspotscar\data\M\20150505_171200_UTC\304,,
117,2015-05-05 17:12:00,20150505_171200_UTC,hmi.Ic_45s,True,0,C:\Learning\PHD2nd\sunspotscar\data\M\20150505_171200_UTC\hmi.Ic_45s,,
118,2015-06-20 06:28:00,20150620_062800_UTC,131,True,0,C:\Learning\PHD2nd\sunspotscar\data\M\20150620_062800_UTC\131,,
118,2015-06-20 06:28:00,20150620_062800_UTC,211,True,0,C:\Learning\PHD2nd\sunspotscar\data\M\20150620_062800_UTC\211,,
118,2015-06-20 06:28:00,20150620_062800_UTC,304,True,0,C:\Learning\PHD2nd\sunspotscar\data\M\20150620_062800_UTC\304,,
118,2015-06-20 06:28:00,20150620_062800_UTC,hmi.Ic_45s,True,0,C:\Learning\PHD2nd\sunspotscar\data\M\20150620_062800_UTC\hmi.Ic_45s,,
119,2015-06-21 01:02:00,20150621_010200_UTC,131,True,0,C:\Learning\PHD2nd\sunspotscar\data\M\20150621_010200_UTC\131,,
119,2015-06-21 01:02:00,20150621_010200_UTC,211,True,0,C:\Learning\PHD2nd\sunspotscar\data\M\20150621_010200_UTC\211,,
119,2015-06-21 01:02:00,20150621_010200_UTC,304,True,0,C:\Learning\PHD2nd\sunspotscar\data\M\20150621_010200_UTC\304,,
119,2015-06-21 01:02:00,20150621_010200_UTC,hmi.Ic_45s,True,0,C:\Learning\PHD2nd\sunspotscar\data\M\20150621_010200_UTC\hmi.Ic_45s,,
120,2015-06-21 02:06:00,20150621_020600_UTC,131,True,0,C:\Learning\PHD2nd\sunspotscar\data\M\20150621_020600_UTC\131,,
120,2015-06-21 02:06:00,20150621_020600_UTC,211,True,0,C:\Learning\PHD2nd\sunspotscar\data\M\20150621_020600_UTC\211,,
120,2015-06-21 02:06:00,20150621_020600_UTC,304,True,0,C:\Learning\PHD2nd\sunspotscar\data\M\20150621_020600_UTC\304,,
120,2015-06-21 02:06:00,20150621_020600_UTC,hmi.Ic_45s,True,0,C:\Learning\PHD2nd\sunspotscar\data\M\20150621_020600_UTC\hmi.Ic_45s,,
121,2015-06-22 17:39:00,20150622_173900_UTC,131,True,0,C:\Learning\PHD2nd\sunspotscar\data\M\20150622_173900_UTC\131,,
121,2015-06-22 17:39:00,20150622_173900_UTC,211,True,0,C:\Learning\PHD2nd\sunspotscar\data\M\20150622_173900_UTC\211,,
121,2015-06-22 17:39:00,20150622_173900_UTC,304,True,0,C:\Learning\PHD2nd\sunspotscar\data\M\20150622_173900_UTC\304,,
121,2015-06-22 17:39:00,20150622_173900_UTC,hmi.Ic_45s,True,0,C:\Learning\PHD2nd\sunspotscar\data\M\20150622_173900_UTC\hmi.Ic_45s,,
122,2015-08-22 06:39:00,20150822_063900_UTC,131,True,0,C:\Learning\PHD2nd\sunspotscar\data\M\20150822_063900_UTC\131,,
122,2015-08-22 06:39:00,20150822_063900_UTC,211,True,0,C:\Learning\PHD2nd\sunspotscar\data\M\20150822_063900_UTC\211,,
122,2015-08-22 06:39:00,20150822_063900_UTC,304,True,0,C:\Learning\PHD2nd\sunspotscar\data\M\20150822_063900_UTC\304,,
122,2015-08-22 06:39:00,20150822_063900_UTC,hmi.Ic_45s,True,0,C:\Learning\PHD2nd\sunspotscar\data\M\20150822_063900_UTC\hmi.Ic_45s,,
123,2015-08-22 21:19:00,20150822_211900_UTC,131,True,0,C:\Learning\PHD2nd\sunspotscar\data\M\20150822_211900_UTC\131,,
123,2015-08-22 21:19:00,20150822_211900_UTC,211,True,0,C:\Learning\PHD2nd\sunspotscar\data\M\20150822_211900_UTC\211,,
123,2015-08-22 21:19:00,20150822_211900_UTC,304,True,0,C:\Learning\PHD2nd\sunspotscar\data\M\20150822_211900_UTC\304,,
123,2015-08-22 21:19:00,20150822_211900_UTC,hmi.Ic_45s,True,0,C:\Learning\PHD2nd\sunspotscar\data\M\20150822_211900_UTC\hmi.Ic_45s,,
124,2015-08-24 07:26:00,20150824_072600_UTC,131,True,0,C:\Learning\PHD2nd\sunspotscar\data\M\20150824_072600_UTC\131,,
124,2015-08-24 07:26:00,20150824_072600_UTC,211,True,0,C:\Learning\PHD2nd\sunspotscar\data\M\20150824_072600_UTC\211,,
124,2015-08-24 07:26:00,20150824_072600_UTC,304,True,0,C:\Learning\PHD2nd\sunspotscar\data\M\20150824_072600_UTC\304,,
124,2015-08-24 07:26:00,20150824_072600_UTC,hmi.Ic_45s,True,0,C:\Learning\PHD2nd\sunspotscar\data\M\20150824_072600_UTC\hmi.Ic_45s,,
125,2015-08-24 17:40:00,20150824_174000_UTC,131,True,0,C:\Learning\PHD2nd\sunspotscar\data\M\20150824_174000_UTC\131,,
125,2015-08-24 17:40:00,20150824_174000_UTC,211,True,0,C:\Learning\PHD2nd\sunspotscar\data\M\20150824_174000_UTC\211,,
125,2015-08-24 17:40:00,20150824_174000_UTC,304,True,0,C:\Learning\PHD2nd\sunspotscar\data\M\20150824_174000_UTC\304,,
125,2015-08-24 17:40:00,20150824_174000_UTC,hmi.Ic_45s,True,0,C:\Learning\PHD2nd\sunspotscar\data\M\20150824_174000_UTC\hmi.Ic_45s,,
126,2015-09-17 09:34:00,20150917_093400_UTC,131,True,0,C:\Learning\PHD2nd\sunspotscar\data\M\20150917_093400_UTC\131,,
126,2015-09-17 09:34:00,20150917_093400_UTC,211,True,0,C:\Learning\PHD2nd\sunspotscar\data\M\20150917_093400_UTC\211,,
126,2015-09-17 09:34:00,20150917_093400_UTC,304,True,0,C:\Learning\PHD2nd\sunspotscar\data\M\20150917_093400_UTC\304,,
126,2015-09-17 09:34:00,20150917_093400_UTC,hmi.Ic_45s,True,0,C:\Learning\PHD2nd\sunspotscar\data\M\20150917_093400_UTC\hmi.Ic_45s,,
127,2015-09-27 10:20:00,20150927_102000_UTC,131,True,0,C:\Learning\PHD2nd\sunspotscar\data\M\20150927_102000_UTC\131,,
127,2015-09-27 10:20:00,20150927_102000_UTC,211,True,0,C:\Learning\PHD2nd\sunspotscar\data\M\20150927_102000_UTC\211,,
127,2015-09-27 10:20:00,20150927_102000_UTC,304,True,0,C:\Learning\PHD2nd\sunspotscar\data\M\20150927_102000_UTC\304,,
127,2015-09-27 10:20:00,20150927_102000_UTC,hmi.Ic_45s,True,0,C:\Learning\PHD2nd\sunspotscar\data\M\20150927_102000_UTC\hmi.Ic_45s,,
128,2015-09-27 20:54:00,20150927_205400_UTC,131,True,0,C:\Learning\PHD2nd\sunspotscar\data\M\20150927_205400_UTC\131,,
128,2015-09-27 20:54:00,20150927_205400_UTC,211,True,0,C:\Learning\PHD2nd\sunspotscar\data\M\20150927_205400_UTC\211,,
128,2015-09-27 20:54:00,20150927_205400_UTC,304,True,0,C:\Learning\PHD2nd\sunspotscar\data\M\20150927_205400_UTC\304,,
128,2015-09-27 20:54:00,20150927_205400_UTC,hmi.Ic_45s,True,0,C:\Learning\PHD2nd\sunspotscar\data\M\20150927_205400_UTC\hmi.Ic_45s,,
129,2015-09-28 07:27:00,20150928_072700_UTC,131,True,0,C:\Learning\PHD2nd\sunspotscar\data\M\20150928_072700_UTC\131,,
129,2015-09-28 07:27:00,20150928_072700_UTC,211,True,0,C:\Learning\PHD2nd\sunspotscar\data\M\20150928_072700_UTC\211,,
129,2015-09-28 07:27:00,20150928_072700_UTC,304,True,0,C:\Learning\PHD2nd\sunspotscar\data\M\20150928_072700_UTC\304,,
129,2015-09-28 07:27:00,20150928_072700_UTC,hmi.Ic_45s,True,0,C:\Learning\PHD2nd\sunspotscar\data\M\20150928_072700_UTC\hmi.Ic_45s,,
130,2015-11-04 13:31:00,20151104_133100_UTC,131,True,0,C:\Learning\PHD2nd\sunspotscar\data\M\20151104_133100_UTC\131,,
130,2015-11-04 13:31:00,20151104_133100_UTC,211,True,0,C:\Learning\PHD2nd\sunspotscar\data\M\20151104_133100_UTC\211,,
130,2015-11-04 13:31:00,20151104_133100_UTC,304,True,0,C:\Learning\PHD2nd\sunspotscar\data\M\20151104_133100_UTC\304,,
130,2015-11-04 13:31:00,20151104_133100_UTC,hmi.Ic_45s,True,0,C:\Learning\PHD2nd\sunspotscar\data\M\20151104_133100_UTC\hmi.Ic_45s,,
131,2015-12-28 11:20:00,20151228_112000_UTC,131,True,0,C:\Learning\PHD2nd\sunspotscar\data\M\20151228_112000_UTC\131,,
131,2015-12-28 11:20:00,20151228_112000_UTC,211,True,0,C:\Learning\PHD2nd\sunspotscar\data\M\20151228_112000_UTC\211,,
131,2015-12-28 11:20:00,20151228_112000_UTC,304,True,0,C:\Learning\PHD2nd\sunspotscar\data\M\20151228_112000_UTC\304,,
131,2015-12-28 11:20:00,20151228_112000_UTC,hmi.Ic_45s,True,0,C:\Learning\PHD2nd\sunspotscar\data\M\20151228_112000_UTC\hmi.Ic_45s,,
132,2016-02-12 10:36:00,20160212_103600_UTC,131,True,0,C:\Learning\PHD2nd\sunspotscar\data\M\20160212_103600_UTC\131,,
132,2016-02-12 10:36:00,20160212_103600_UTC,211,True,0,C:\Learning\PHD2nd\sunspotscar\data\M\20160212_103600_UTC\211,,
132,2016-02-12 10:36:00,20160212_103600_UTC,304,True,0,C:\Learning\PHD2nd\sunspotscar\data\M\20160212_103600_UTC\304,,
132,2016-02-12 10:36:00,20160212_103600_UTC,hmi.Ic_45s,True,0,C:\Learning\PHD2nd\sunspotscar\data\M\20160212_103600_UTC\hmi.Ic_45s,,
